111,Shirt,Nice ,599.99,Men's Ware,https://a3655836d5c58a086ac2-4e8d43a89f100386d472e9f1a1dc59ca.ssl.cf3.rackcdn.com/images/extralarge/df353bc9-c1a9-41ee-9117-e3443c52f7ab.jpg
112,Saree,Great,2589.7,Ethnic Women,https://cdn.sareeka.com/image/cache/data2019/silk-silver-handwork-silk-saree-133972-800x1100.jpg
113,Baby Frock,Cute,500,Baby,https://cdn.shopify.com/s/files/1/1083/6796/products/product-image-869073897.jpg?v=1571439286
114,Kurta,Nice,999.9,Ethnic ware,https://www.fabindia.com/ccstore/v1/images/?source=/file/v7472469978867887894/products/10572931WH.f.14032019.jpg
115,Kurta,Nice,999.9,Ethnic ware,https://cdn.nicobar.com/media/images/products/2018/03/1520237924NBI001658_59_60_61_NM_22_Kurtas_Chandni_Chowk_Kurta_-_White_pdp_Dec_2015_v1_A46A9599.jpg
116,Kurti,Nice,1200,women's ware,https://encrypted-tbn0.gstatic.com/images?q=tbn%3AANd9GcSs4bnBZ-VJ8UnJYvpu15hwjFKUcC6z4qvkbpKR95q7d3jAV2RO
117,Kurti,Nice,1200,women's ware,https://img2.junaroad.com/uiproducts/16826267/pri_175_p-1577452107.jpg
118,Kurti,Cute,1567.9,women's ware,https://assetscdn1.paytm.com/images/catalog/product/A/AP/APPJANASYA-WOMEJANA6568069FA85DD/1563006040993_0..jpg?imwidth=282&impolicy=hq
119,Jumpsuit,Cute,1234.5,women's ware,https://i1.adis.ws/i/boohooamplience/pzz78524_black_xl?$product_image_main_mobile$
120,Jumpsuit,Cute,1678.9,women's ware,https://www.lovebonito.com/media/catalog/product/h/y/hy4344-1.jpg
121,Jumpsuit,Cute,1589.9,women's ware,https://assets.ajio.com/medias/sys_master/root/h3f/h16/14770265063454/-288Wx360H-461025126-beige-MODEL.jpg
122,Shirt,Cute,1234.6,women's ware,https://ae01.alicdn.com/kf/HTB16vt8HrSYBuNjSspiq6xNzpXa7/New-Autumn-2018-womens-tops-and-blouses-Long-Sleeve-Chiffon-Blouse-Mujer-Fashion-Ladies-Shirts-Tops.jpg
123,Shirt,Cute,899.9,women's ware,https://rukminim1.flixcart.com/image/332/398/k3t21zk0/top/k/w/y/l-aw-4019md-aelomart-original-imafmuqhpqaq6hcd.jpeg?q=50
124,Crop Top,Cute,1000,women's ware,https://cdn.shopify.com/s/files/1/0021/3804/6530/products/summer-crop-tops-women-t-shirt-letter-print-short-sleeve-lace-up-dance-tee-jcbling-white-clothing-clothes_354_800x.jpg?v=1571717375
125,Frock,Nice,1000,Baby,https://encrypted-tbn0.gstatic.com/images?q=tbn%3AANd9GcSyOfKHs7pPSN2WdpEh5J5br5hxsSfQwXUW0eypdvNij3w1geEa
126,Frock,Nice,1000,Baby,https://encrypted-tbn0.gstatic.com/images?q=tbn%3AANd9GcR4tg_1iltEWkMITZ-MKMFOXT6r-17EFKHqA1ZjmDLu39WUNA4t
127,Frock,Nice,800,Baby,https://cdn.shopify.com/s/files/1/1991/7119/products/Frill_Style_Baby_Long_Frock-babiesnmamas_1_2000x.jpg?v=1574258301
128,Frock,Nice,900,Baby,https://encrypted-tbn0.gstatic.com/images?q=tbn%3AANd9GcTg4wgSni2DD_Oee060gUq3MFRYrXk3U2cr_REhuiHXd2CeP54z
129,Frock,Nice,800,Baby,https://encrypted-tbn0.gstatic.com/images?q=tbn%3AANd9GcRubV8GsgigXIYVF3gJh9vr75hGI12S__cMqR0vT-UEcYsbxeY4
130,Saree,Good,1000,Ethnic Women,https://cdn.a1designerwear.com/content/images/thumbs/0618680_ideal-rani-pink-silk-sarees.jpeg
131,Saree,Good,2000,Ethnic Women,https://encrypted-tbn0.gstatic.com/images?q=tbn%3AANd9GcTjYiHoXg0vqAvqjLz-EhbeWLBPttAocoOuJ5WbXGBBGnud9Gdu
132,Saree,Good,1500,Ethnic Women,https://encrypted-tbn0.gstatic.com/images?q=tbn%3AANd9GcRL_K_Sd2F3dP6uilFupVxIQKcXasqKdvTSsJ-nqApFZCVO2ljK
133,Saree,Good,1599.8,Ethnic Women,https://images.herzindagi.info/image/2019/Sep/sarees-will-never-run-out-of-fashion-Main.jpg
134,Saree,Good,1456.8,Ethnic Women,https://www.grabandpack.com/media/catalog/product/cache/1/image/500x665/9df78eab33525d08d6e5fb8d27136e95/t/r/traditional-pink-colored-wedding-soft-silk-saree-gnp005296_2_.jpg
135,Saree,Good,1678.9,Ethnic Women,https://assets.panashindia.com/media/catalog/product/cache/1/small_image/262x377/9df78eab33525d08d6e5fb8d27136e95/1/6/1694sr09-13103.jpg
136,Shirt,Nice,788.9,Men's ware,https://cdn.shopify.com/s/files/1/1877/0085/products/Fashion-Men-Casual-Shirt-Hanging-Dyed-Gradient-Cotton-Blouse-Streetwear-Long-Sleeve-Lapel-Collar-Brand-Shirts.jpg?v=1573064425
137,Shirt,Nice,989.7,Men's ware,https://images-na.ssl-images-amazon.com/images/I/61-TuCrKZ7L._UY550_.jpg
138,Shirt,Nice,567.8,Men's ware,https://capthatt.com/wp-content/uploads/Mens-O-neck-t-shirt.jpg
139,Shirt,Nice,678.9,Men's ware,https://image.made-in-china.com/2f0j00dYiUafIGmzkr/Men-Black-Vertical-Stripe-T-Shirt.jpg
140,Shirt,Nice,899.9,Men's ware,https://cdn.shopify.com/s/files/1/0162/2116/files/Formal_outfit_ideas_for_men_21.jpg?v=1512106528
141,Redmi K20,6GB Ram,25000.89,Mobiles,https://www.themobileindian.com/public/thumbs/products/16565/Redmi-K20-3_0_600.jpg
142,Redmi K20Pro,8GB Ram,28999.99,Mobiles,https://i01.appmifile.com/webfile/globalimg/in/cms/D05AB2D9-6A4E-0BE2-8B61-C2CC55B9B1C2.jpg
143,Redmi 7A,4GB Ram,6999.8,Mobiles,https://static.digit.in/product/thumb_143704_product_td_300.jpeg
144,Samsung M30s,6GB Ram,1299.9,Mobiles,https://www.gizmochina.com/wp-content/uploads/2019/09/Samsung-Galaxy-M30s-500x500.jpg
145,Samsung Galaxy S10plus,128GbRam,79999.9,Mobiles,https://phoneplacekenya.com/wp-content/uploads/2019/02/Samsung-Galaxy-S10-plus-b.png
146,OnePlus 7 Pro,8GB Ram,43999.99,Mobiles,https://images-na.ssl-images-amazon.com/images/I/51FwsSj8knL._SX679_.jpg
